Age,Gender,Height,Weight,BMI,PhysicalActivityLevel,ObesityCategory
56,Male,173.5752624383722,71.98205082003972,23.891782623967966,4,0
69,Male,164.12730582233817,89.95925553264385,33.39520945079775,2,0
46,Female,168.0722021276139,72.93062926527618,25.81773745564312,4,0
32,Male,168.4596328403327,84.8869124724179,29.91224697575879,3,0
60,Male,183.56856774218892,69.03894549807254,20.487903055473048,3,0
25,Female,166.405627259751,61.14586774960326,22.08162832342537,4,0
78,Male,183.56633382183452,92.20852083312832,27.364340559050174,3,0
38,Male,142.8750950815203,59.359745680958994,29.07896647462822,1,0
56,Male,183.4785578132904,75.15767234686449,22.325576683306593,4,0
75,Male,182.97406114862625,81.5334604483671,24.35324400647721,2,0
36,Male,179.02254673389191,82.62239056706285,25.779963285892816,4,0
40,Female,149.88081996796228,52.518359946699704,23.37862876076313,1,0
28,Male,180.18886995222482,85.77925608742399,26.419606952860335,1,0
28,Male,169.49880824324748,55.315671308390954,19.253730533857095,1,0
41,Male,144.7066256007534,82.16055483024991,39.23616305231511,1,0
70,Male,182.98177707834697,78.02760206573649,23.30411304554486,1,0
53,Male,184.44173078548968,82.27945992669848,24.18650154870968,2,0
57,Female,150.9548792813483,51.9249471835146,22.786716708051546,3,0
41,Male,171.7542107530011,78.81894614101587,26.718731616102616,1,0
20,Female,183.88591121444185,86.28390514612256,25.517191938937412,1,0
39,Female,182.30161313457143,72.90093674742613,21.935729683779996,4,0
70,Male,178.36061051159527,57.72074980593135,18.144042879960317,2,1
19,Male,143.52747120102492,83.79621421491986,40.67750733584829,2,0
41,Male,177.2954276663581,71.70879442151154,22.812734705307626,3,0
61,Male,167.81896101626057,44.88333604258456,15.936871585356322,2,1
47,Female,179.95857528718494,56.55715806525009,17.463950270650958,4,1
55,Male,172.56161458433826,62.10558203159539,20.856539148092143,4,0
19,Male,169.80118389711134,92.58727431459484,32.11218603850754,3,0
77,Male,176.40903849409236,89.9527462945932,28.90498586375549,4,0
38,Male,168.2808662892824,89.90452796585015,31.74768678928019,1,0
50,Male,169.75722720108058,73.485404165258,25.5002560555202,1,0
29,Male,164.44776000871238,83.70392187668799,30.952083089527434,4,0
75,Female,153.94591008815442,52.888308869711636,22.316360563257085,3,0
39,Female,175.67853473771268,70.10204647589157,22.713982947470704,2,0
78,Male,161.9396968032943,76.77449052474395,29.27590299803369,3,0
61,Male,167.99208133959266,53.876514140363206,19.090700618586734,2,0
42,Male,172.8697395845393,73.14868134462805,24.47758379355259,4,0
66,Female,149.1478235643456,95.29958778706516,42.84076146358747,4,0
44,Male,151.38651096323176,78.38154676840941,34.20105239634688,1,0
76,Female,167.00261423390796,83.76317809996179,30.033545730575188,2,0
59,Male,174.54563482299656,33.213896148516056,10.90189109228414,3,1
45,Male,177.44038270649162,93.36953273729387,29.65515882979624,4,0
77,Male,154.08685504124094,67.20816478371745,28.30680506704876,3,0
33,Male,176.3663148441281,58.469705288949356,18.797479674125167,1,0
32,Female,167.5493038168366,67.38043222285104,24.00206111480914,2,0
79,Female,161.16842754903524,47.724667625786545,18.37312268681397,2,1
79,Male,163.51448143940632,85.71913092628213,32.06013276110145,4,0
64,Male,178.01857332040166,64.96906415839311,20.50104404482073,2,0
79,Female,172.74005785085572,58.92053781960897,19.746065848998725,4,0
68,Female,170.5030652275532,67.47917401467453,23.21161593584396,1,0
61,Female,172.434957388079,86.7702348186421,29.18234212188366,2,0
72,Female,179.28097776616193,71.97187601171831,22.3920780332899,4,0
69,Male,169.02900432596678,48.854593456997996,17.099481323015052,3,1
74,Female,170.54318886454237,76.97471244611624,26.46545205915807,4,0
20,Male,181.3817074013781,56.065300685160615,17.041475095460086,2,1
54,Female,166.68413375736841,37.65848452937775,13.554213249635632,1,1
68,Female,176.1814059528068,92.4401081907577,29.781070336314603,2,0
24,Female,164.96295519326858,76.85844812241534,28.24351564392888,2,0
38,Female,165.84132658588214,68.82594004294877,25.024570113945146,4,0
26,Female,168.95950243200363,64.81585727954952,22.704713480540978,3,0
56,Male,175.15272852986766,90.95619251099974,29.64820861960101,2,0
35,Male,181.94181962551067,116.30732725297608,35.135165863602516,3,0
21,Female,170.96545263538775,76.73170777849775,26.25174296406621,4,0
42,Female,155.00163088676456,54.55547976508186,22.70731809949687,3,0
77,Male,176.3144629353394,67.68301721698036,21.772276122736073,4,0
31,Female,194.5384217414571,76.45859008141073,20.20298348645518,1,0
67,Female,171.0866883106735,34.757075395122015,11.874375716411027,3,1
75,Male,152.9123236082042,75.01748802667176,32.08318991700529,3,0
26,Female,171.6965288947085,76.54637694239618,25.96579410441597,1,0
43,Female,169.9698739681616,89.89513296980829,31.116609835642446,3,0
70,Male,169.1289115663761,88.33184953559582,30.880307483771855,1,0
19,Male,179.4540989997713,71.66758240434304,22.254405085596265,2,0
37,Male,183.78274786335723,92.71955359870537,27.45123266374588,4,0
45,Female,176.83585745201083,100.53517478558136,32.14973311941609,1,0
64,Male,168.6694191532893,70.41927182866691,24.75248643752014,3,0
77,Male,181.25678784369632,76.27280617701624,23.215667029074535,1,0
24,Male,155.06170358785758,43.49053970334136,18.08779782477655,3,1
61,Male,162.83943879266002,48.235401063383684,18.190586424153707,2,1
78,Male,163.9537222139827,57.427055289857215,21.363577755943027,1,0
25,Male,169.69049352068066,63.34572543224421,21.998967014172813,2,0
64,Female,175.0673466248684,53.558154628928975,17.474924408751615,4,1
52,Female,167.99287051662716,69.46006882034139,24.612374080652433,3,0
31,Male,160.93964205497724,63.794362484880715,24.629536535075818,3,0
34,Male,179.74850284696132,86.06342847009424,26.637169812728718,2,0
53,Male,167.64543277795306,62.87839531774438,22.3726792952807,4,0
67,Female,171.0212892087103,35.699230776767585,12.205582384202945,1,1
57,Female,175.5106774547591,71.8862675880313,23.336668123381692,1,0
21,Female,170.38877607922947,69.78702963382992,24.037690940363998,3,0
19,Female,170.4327169474429,57.0692517789326,19.646999946732787,2,0
79,Female,180.30473420435828,71.42499825245555,21.970299557598075,2,0
23,Female,171.51369474570376,53.871031176604966,18.312923597352807,1,1
71,Female,178.6279698579049,74.94759930435013,23.488690282396487,4,0
59,Female,175.4466744431839,109.49386655394777,35.57128145659388,4,0
21,Female,190.16887544186918,42.915917906398505,11.86696138667458,1,1
71,Male,174.09413417869132,62.256368694862594,20.540712709947442,1,0
46,Male,176.37973270150772,59.85242317826296,19.23908341798269,2,0
35,Male,181.01656713996368,63.50110174768685,19.379591186016548,4,0
43,Male,170.63617759950168,85.29886869395462,29.295508672461338,1,0
61,Female,163.6214690327056,78.14239838978537,29.188122589695784,1,0
51,Female,165.25854418876543,82.73149753909635,30.293052703246733,3,0
27,Male,165.35493074497512,70.45743257130397,25.768700281488126,1,0
79,Female,160.49669031803282,50.16851020082714,19.475967555320533,1,0
53,Male,173.17805169201884,53.27971958110031,17.765450776110477,4,1
31,Female,163.70483451950918,81.19389561199887,30.297051745180468,2,0
48,Male,171.94852821201846,72.56247847619946,24.54229559452314,4,0
65,Female,168.41325556289362,88.90311109118258,31.344721583986694,2,0
32,Female,169.58378506707484,74.39893154870195,25.870096569448318,3,0
25,Male,175.56056647828856,52.25477510001812,16.95399442072359,1,1
31,Female,164.58100875611453,62.17147278725268,22.95259088635705,3,0
40,Male,176.38891045936776,78.47221224524395,25.221641067938343,2,0
77,Male,185.67307866638959,80.65498744357939,23.39555492583819,4,0
74,Male,173.4310908295176,82.82662948232033,27.536965300570532,4,0
79,Male,162.1790431472753,54.272138301922105,20.634191910763786,3,0
57,Female,163.84981988660203,51.98454750884613,19.363431854133932,2,0
38,Female,167.51737099214884,67.15296220378869,23.93015312091836,3,0
33,Female,164.05109702930434,91.60110274800181,34.03630636731192,3,0
62,Male,160.0881969038995,59.591975187879726,23.252473290477106,1,0
35,Female,171.54407276961692,76.8245783590146,26.10650602636152,3,0
64,Male,167.78802668274201,76.82591708408448,27.28888683421843,1,0
70,Female,171.89720883558059,81.4115912450592,27.55171221965763,1,0
41,Female,181.86387412215285,94.96660380922316,28.712964262506155,4,0
43,Female,167.6364716607564,93.42859637149158,33.24626034405284,1,0
42,Male,158.1457999531969,61.080912492407414,24.422504124850462,1,0
77,Female,166.01107507746445,38.53156838036989,13.98113929736381,4,1
77,Female,177.70425217116642,59.82205996952886,18.94373998411841,3,0
77,Male,176.76770270716958,71.13508441070853,22.765543108305568,2,0
62,Female,175.18639647613568,64.57532083471514,21.040972741105094,2,0
58,Male,163.75293276837897,99.51848414392202,37.112958724713685,2,0
46,Female,177.519026180327,70.28170456474672,22.302444762701914,3,0
32,Male,179.76899078037067,79.8056782038429,24.694727150344768,1,0
62,Male,163.04578370110025,73.25821464471016,27.55733306028409,2,0
18,Female,169.58429902457476,64.80050224763767,22.532381241837047,3,0
42,Male,190.2040196368212,41.127824830559994,11.368321827480345,1,1
24,Male,162.60125723536612,68.82073542187771,26.029840726293408,4,0
26,Male,152.94913330756276,118.8197093973119,50.79189837285713,2,0
41,Male,183.82904434464803,51.33312400243249,15.190407909120006,1,1
18,Male,181.3660477170456,42.776904334386636,13.004611252822466,2,1
61,Male,165.43032676422575,99.04583953853366,36.191449919738595,2,0
25,Female,168.87008218131913,81.13124454804003,28.45002868521648,2,0
41,Male,157.75064949811048,72.81129820785155,29.2587967762364,1,0
28,Male,170.88952272609703,90.44010793550586,30.969215084065446,3,0
68,Female,181.659137153714,57.52747085565855,17.432544680217205,1,1
34,Female,164.57395158241718,68.40107858628022,25.2546152078444,2,0
25,Female,178.77101978786294,84.32731175351235,26.38602810463304,1,0
52,Female,174.6372385739043,101.65531551730595,33.33161690053373,4,0
52,Female,175.77816890881138,52.47183528015087,16.982295063499738,3,1
50,Female,165.15690819413632,89.21101687840591,32.70581693439292,1,0
76,Female,166.45375817066503,75.72758591261477,27.33171618145713,4,0
22,Male,151.532275655286,72.44591601144123,31.550309022328715,3,0
59,Male,164.33330587489894,69.88406166617892,25.877776299437322,4,0
56,Female,181.63485458031258,49.23030068958096,14.922242977089642,3,1
75,Male,160.70667805897727,84.44633497319549,32.69738023736226,1,0
58,Male,162.19698346143096,58.265964695105076,22.147738925552588,4,0
45,Male,176.40189823707126,53.80463946246479,17.290725539942258,2,1
24,Female,174.02768291993092,83.28188438350506,27.498807923827968,4,0
26,Female,176.89863249796298,81.83701037720017,26.151752914485304,3,0
25,Male,158.367794599096,71.18500125416594,28.382768784577003,1,0
29,Female,195.64057949300343,86.19315431217461,22.519300347802965,3,0
51,Male,157.8424662583275,91.38904872218671,36.68144542351641,4,0
50,Male,171.5424731373407,89.62336116738312,30.45635270581284,4,0
65,Male,168.41344504131413,62.0758153989703,21.886126915667962,2,0
72,Male,158.13358482634953,85.21157396919568,34.07613692833217,1,0
40,Female,166.2979057718675,73.17461466262974,26.459819908327542,1,0
79,Female,170.2330760088587,95.8886165552856,33.088658456641866,4,0
41,Female,163.50026788136532,68.14407495599241,25.491251824879914,1,0
54,Male,179.37223621534852,64.65292543947504,20.094524590344307,2,0
52,Female,168.3837425453753,60.793046847356855,21.441422468031565,3,0
61,Male,156.5872532898171,72.83931841353332,29.706607690576586,1,0
57,Female,155.73874467330702,77.00088201388157,31.746975757105233,4,0
39,Male,176.06165090611458,77.28943424390906,24.93392154158273,3,0
44,Male,155.1322921729966,75.23758810467784,31.26298526316045,3,0
52,Male,173.16426073049084,80.0655551901971,26.701102453351183,2,0
18,Female,174.44655185666957,66.66187246128403,21.905477745445452,4,0
52,Female,160.04644636075986,56.91227026612193,22.21845412120055,1,0
54,Female,178.90738083774892,55.60258004629528,17.37154430903655,4,1
64,Female,152.82206376238366,84.62576642955203,36.23518596078305,3,0
31,Male,172.9645893399856,77.05483465792435,25.756419666965545,4,0
20,Female,169.5914206640399,42.162433435745136,14.659457947832214,1,1
18,Female,168.81002024269105,86.45130140199909,30.33717183182131,1,0
22,Male,158.2210335701943,98.20652719603984,39.22942289871953,2,0
43,Male,160.6297799560007,59.261247238622005,22.967760918023906,1,0
72,Male,186.188020250206,75.04240069414061,21.64727583310223,1,0
31,Female,182.15155008871758,62.89812859551461,18.95710350494678,4,0
56,Male,177.42084588523795,79.4246038820675,25.231656670942105,4,0
44,Male,179.39848103529687,52.50986666387161,16.3156128841491,3,1
26,Male,178.46013544671268,68.92831514351829,21.642888715046148,2,0
32,Female,166.76643787713792,84.71971191998172,30.462613872453538,4,0
32,Male,170.4760355181435,88.53567608948259,30.464330183024195,1,0
43,Female,155.2749162195899,76.39743728379533,31.68663953956532,3,0
59,Female,169.10304373192474,64.91432045185391,22.70061722797796,4,0
77,Male,181.83414249539186,46.11098373484587,13.946123986906144,2,1
30,Male,163.39292751742863,58.63675433141077,21.9635943960265,2,0
68,Female,180.23141204687226,62.96089892867829,19.382507003114007,3,0
49,Male,170.91585738693763,59.53399325047579,20.379817845545343,3,0
56,Male,156.1462813433027,70.89329452470423,29.076482528838607,3,0
66,Female,158.92680486653688,64.87168395743072,25.683893897923422,3,0
69,Female,179.19302869707755,72.58182058503165,22.604017646266236,3,0
78,Male,175.5252408525839,88.03940951571495,28.575771585663976,1,0
49,Female,171.01764072987626,63.90306668155958,21.84941827036225,1,0
21,Male,167.25968185752055,49.25699534118662,17.607000790763788,4,1
47,Male,172.10567977628585,59.47438602812687,20.07888356727649,2,0
54,Male,178.80296249253252,78.75382704959908,24.633280223076945,1,0
40,Female,184.75853280487286,80.1691567742901,23.48541863882037,1,0
56,Male,185.236841994406,76.09127795524351,22.175843166580325,1,0
62,Male,173.71959900758495,89.51105958832024,29.66054055668763,4,0
32,Male,168.2806830963548,67.20455395184521,23.731772172865448,3,0
60,Female,171.46248007818858,100.78249222013987,34.28047976128669,4,0
46,Female,175.22120357255082,82.27280704158859,26.796803825704888,2,0
53,Female,175.18066943845088,32.14768794688184,10.47556318660751,2,1
30,Female,183.079866371401,97.00987944945349,28.94241665738864,2,0
49,Female,191.15755721916656,58.49520084796417,16.008007987534874,2,1
24,Male,167.9474537038591,54.48848215814604,19.31780877578821,1,0
76,Female,191.55884908824459,77.85656664749341,21.217333849074585,1,0
68,Female,181.72239246758397,43.92729291495185,13.302018523515615,4,1
39,Female,168.9917700981479,59.5679615301758,20.858430584633826,3,0
45,Male,184.98564838865082,93.35647810936312,27.281508923632927,2,0
19,Female,186.85648301419164,78.34326368496255,22.43806072559287,4,0
59,Female,165.39704555806154,82.1835967140883,30.042055822418803,1,0
62,Male,187.32215252485645,60.14634099253789,17.1407938946941,1,1
79,Female,180.7508282103596,46.924450015478456,14.362783008580859,3,1
74,Male,193.685591279792,80.60226143970603,21.485852965202184,3,0
70,Male,165.759614180005,83.95384234362926,30.55505874395212,3,0
23,Male,166.46573256264003,83.27490079121667,30.0513807729261,4,0
45,Male,149.7333787025666,73.13603845176799,32.62076813622194,1,0
45,Male,175.71193920567958,55.49397634791894,17.973940562137575,1,1
61,Female,173.75251255618718,106.56654382089596,35.29869860065317,3,0
61,Male,164.3700632846433,77.19681164476262,28.572873529668765,2,0
37,Male,169.1814926851194,67.39170037616248,23.545109225630387,3,0
47,Female,156.88778989824885,67.45826143774948,27.40670682121365,4,0
79,Male,181.98444952831687,72.24396217110329,21.813883924862232,3,0
28,Female,165.10300525471692,86.04412393236971,31.565397312081,3,0
75,Female,200.94049015620948,72.84442184958179,18.04103238658979,4,1
72,Female,168.24398699288966,82.87769730171246,29.279157297636022,3,0
45,Male,162.40381158951692,72.27096531839811,27.40131592308541,1,0
42,Male,165.87686881265137,68.31469162794428,24.828041047467103,2,0
56,Male,155.8803902345575,79.61875589992583,32.76667838651963,3,0
79,Female,174.8227189070294,79.04929050510694,25.86438973774622,4,0
50,Male,165.80100300220874,67.45548821357268,24.538215880966984,2,0
18,Male,181.31252790397735,58.761895634286105,17.87475803210139,4,1
74,Male,167.25252504825582,75.12593372110652,26.85619715843015,2,0
44,Female,183.84442111685647,71.17523003443891,21.058525963635407,2,0
79,Female,177.5745574931704,61.67692430843864,19.559656611734926,3,0
74,Male,170.28596776718345,57.363992761948055,19.782521600429188,1,0
69,Male,185.80232587350818,76.15713765841684,22.06014285539681,3,0
30,Male,179.5229346103721,78.25142585541542,24.280206829243088,4,0
58,Male,199.46212826663222,64.5995182801771,16.23709688728106,4,1
20,Female,165.90544755021799,61.300944461306116,22.271315632827264,2,0
56,Female,170.7661610545846,57.54617216444214,19.73389486557807,2,0
23,Female,185.68709011010932,75.7338240871738,21.964760168229443,1,0
25,Female,154.5646218816489,57.940343895388956,24.25274368612395,3,0
44,Male,183.1694356323256,103.61701853531096,30.88339792024281,4,0
26,Male,174.39302757681472,63.845778460435035,20.992973224717566,2,0
79,Male,161.11789244552753,33.621785831910984,12.951892548637195,1,1
54,Female,156.36960341448878,69.54742500056297,28.443064452906498,4,0
50,Male,163.27510526869716,68.90449780271796,25.84685026663465,2,0
68,Female,147.15180427674431,86.67577851286282,40.02824673686241,4,0
59,Female,165.10460556308496,74.32189355091556,27.26455350820301,1,0
61,Male,176.22556333342584,57.49247224840297,18.512845178842124,1,0
41,Male,165.23699359031173,65.70412189754835,24.06456670359458,4,0
32,Male,183.8831270143381,74.91129657476482,22.154581618159717,3,0
76,Female,186.59947602725288,37.52928624534384,10.778280084723034,4,1
71,Male,182.7564448262577,90.07932601585676,26.96992420080051,2,0
49,Female,172.3064091026436,57.53245171293002,19.37804758964332,3,0
49,Male,146.7532072751353,91.25565731421426,42.372549402031844,2,0
41,Female,162.96302507967394,75.88697711689883,28.575188091058692,4,0
58,Female,168.57961473225612,79.4439120459096,27.95442141912339,3,0
69,Male,161.06132350495193,87.24135154001907,33.63100595712859,2,0
66,Female,168.6049452451343,78.59698079038749,27.648097127140442,4,0
79,Female,186.10067468693381,80.09329324476177,23.125985869480356,4,0
66,Male,153.54223470484683,67.53375339307928,28.64607820665429,3,0
75,Female,188.11692056119026,75.58253022208145,21.358251923252848,4,0
69,Male,178.84726421754138,61.18753277542386,19.129267456166406,1,0
29,Female,172.682168082777,64.84883350618048,21.74739201094743,2,0
79,Male,162.86383444259238,99.47042571953364,37.50115688123024,2,0
56,Male,161.26049654508574,57.87709622424367,22.256186318704767,4,0
19,Female,153.73782285411258,72.31475689954421,30.596058136933323,4,0
20,Female,187.16765480314388,71.70203555073215,20.467739816083764,1,0
66,Female,185.3761156007404,65.33868292328802,19.013532902064146,3,0
54,Female,155.93715371416718,77.71601404855656,31.960334229246374,4,0
66,Female,164.473720050938,78.84583139112074,29.14645271277617,4,0
73,Male,174.3314476923191,56.11271225278631,18.463319619618854,4,1
34,Female,167.0049086182779,71.52035067319827,25.643137607702645,4,0
76,Male,150.81325242968182,53.76448991841465,23.638315116715454,2,0
66,Male,163.42227239444313,81.82822927475951,30.639428696051702,4,0
19,Female,189.5103429802002,72.64730965543939,20.228035190648487,2,0
19,Male,164.10021409585556,71.23494830075632,26.452993067776383,4,0
45,Male,168.36532663297794,79.88547023308604,28.18139462987664,3,0
71,Male,158.5482257596462,65.867345642974,26.202781150101014,1,0
40,Male,175.8776298528375,83.71032938827305,27.06187240556175,3,0
54,Female,171.15151799024585,55.77332690865797,19.039916542929863,4,0
49,Male,162.57980258443018,91.17814778341793,34.495113785707325,4,0
50,Female,156.95344604192576,61.73633226167719,25.06104138801196,4,0
18,Female,184.0454337401088,44.557313984566186,13.154335339432034,3,1
36,Male,153.9445659335892,65.07197637305903,27.457770487578784,4,0
79,Female,175.03815695589554,63.37047704118687,20.683380085232468,3,0
19,Female,148.46120755288428,64.95889020774945,29.47220431055699,2,0
70,Female,177.07211683012383,73.47472023225973,23.433522859254236,1,0
61,Male,179.7029888726006,86.46763541332409,26.775832449156013,1,0
43,Female,180.94783711639914,67.12441129154294,20.500936344227163,3,0
49,Female,168.38791531430132,59.625736452716495,21.02867531825319,2,0
23,Female,185.84003605563697,53.10179781574303,15.3755500992902,3,1
49,Male,193.07791694996067,62.97725813036433,16.893457330081148,2,1
72,Female,166.78376863954037,41.68262741124471,14.984681641262386,4,1
21,Male,165.48994969870068,59.12300359725458,21.58804135208351,2,0
72,Male,171.4917726034494,88.6608084379328,30.147069920868176,2,0
28,Male,165.22319854105794,57.649611931323655,21.118075462358085,2,0
73,Male,163.7612980398988,79.43073791200456,29.61870410100563,1,0
76,Male,164.6326145975849,51.602768652872655,19.038873690471316,2,0
34,Male,187.1575600800625,96.56643848965832,27.56839385758375,4,0
55,Female,177.71881995035432,97.56410099597065,30.89037676522264,4,0
41,Male,165.1905387274191,78.86532334839816,28.901191605404215,4,0
22,Female,145.44874974277715,99.86878902465284,47.2073692416842,2,0
69,Female,154.55535506393534,75.33689462391494,31.53839588333941,3,0
51,Male,175.0342908260188,81.52775671224335,26.610878618077745,3,0
23,Female,148.78444058611186,88.92900815097302,40.172458955474646,4,0
39,Female,172.92993527451958,72.69577679647674,24.30909684112142,1,0
28,Female,159.3443627513497,46.71433807622408,18.39826169919863,3,1
65,Female,170.91805774580672,81.83445032851597,28.013041951634502,2,0
33,Male,170.63856301334144,62.922106083498036,21.609707090373593,3,0
50,Female,171.2058993389071,64.0370526856681,21.847104427622796,4,0
26,Male,166.05578152921478,74.46842374718035,27.006242277841594,1,0
77,Female,165.72714374392268,78.49421319576055,28.57921855082315,3,0
76,Female,162.79209581063557,72.25201951009328,27.263610070657435,3,0
23,Male,174.8389231724189,79.53594304235963,26.018795562871496,4,0
33,Female,178.0519267478095,59.39714298909706,18.7357982219209,1,0
46,Female,157.81027477463874,69.35944307915075,27.850631387663217,1,0
20,Female,169.48371527707732,82.73628175676306,28.803154109289853,4,0
37,Male,171.96582073487735,96.59186764655072,32.66301646786425,2,0
77,Female,171.8377113462304,101.89653383459812,34.50821152150655,3,0
76,Male,171.66769619596516,76.49465024091596,25.956964637409893,2,0
53,Female,165.97965189654775,82.60014740118413,29.982726521113964,3,0
36,Male,172.7903042546254,99.72368747222788,33.40100929345279,3,0
43,Male,176.1802871098362,59.93745944899757,19.31006358765156,2,0
20,Female,171.41036655822563,79.44549779068875,27.03928001457957,4,0
36,Female,175.05939836533724,81.52514424229219,26.602393470207378,4,0
37,Male,179.90353411037506,91.71792154115116,28.33836662262102,3,0
49,Male,151.49059642104731,52.94287929195665,23.06939503305821,4,0
24,Female,179.43463841865363,55.90891324299225,17.364747905921952,3,1
69,Male,173.42427765221277,70.32073316657059,23.381027976947745,4,0
58,Female,158.88374672261273,75.66591493482453,29.973768077543298,3,0
50,Female,178.02470882319687,86.84295930600712,27.401481616997717,4,0
57,Female,166.01679093976037,77.76315663718407,28.2143371679104,1,0
56,Female,167.38033563681446,67.72880154834574,24.17489086167523,2,0
35,Male,164.9232021753434,76.24692167134211,28.032304204809304,1,0
57,Female,173.02398844238223,74.51566714411679,24.890576541355127,2,0
18,Male,162.14646857487946,96.17524644981684,36.58038894405775,2,0
28,Female,179.01474629947785,72.48488415352799,22.61881426713008,3,0
45,Male,168.61137412805328,64.25374879671155,22.600848053873964,2,0
74,Female,166.35797516512062,76.74413545107744,27.730515728541803,1,0
42,Male,177.5287567761397,72.97727979007799,23.155291231441137,1,0
67,Male,166.8044323768092,46.43509966487992,16.689034356402896,4,1
40,Female,179.48176825362304,69.76521907566746,21.65699933687522,1,0
48,Female,179.79592950840862,68.48892631890992,21.186569759676726,4,0
47,Female,156.65196161781026,61.84192201331025,25.200624525322414,2,0
59,Female,181.09260202222924,85.5337493143446,26.081711795085454,1,0
52,Male,155.37964028498115,58.214806050820066,24.11266605660585,2,0
24,Female,181.7158052688251,76.83427929286808,23.268565819065035,1,0
77,Male,190.2835719223024,67.78214500234404,18.720296274663202,1,0
33,Male,178.7483443826913,71.61542508470174,22.41416260477385,4,0
43,Female,148.43019355300328,76.17679436568802,34.57627354443695,2,0
65,Male,180.63565719386017,50.38638424163498,15.442095261219206,1,1
74,Male,192.4612896593601,72.87491337602174,19.6739366347842,3,0
69,Male,166.96968359001968,104.33421234569808,37.4241110713535,2,0
77,Male,169.6529667997011,46.648549811819144,16.207470120965695,2,1
66,Female,158.11513278073568,69.13588054426742,27.653915048833383,2,0
19,Female,173.12079418819667,86.8485898723573,28.97772588326989,4,0
18,Female,182.69177182543132,74.52428871930395,22.328516215884036,3,0
65,Female,176.97737128149453,80.3195042817405,25.64398648349459,2,0
79,Male,201.419669772878,34.36500983361076,8.470571512124117,1,1
29,Male,170.330270429658,78.97374061944926,27.220684200654865,1,0
22,Female,153.6932663258474,58.574676906496016,24.797061600363573,4,0
54,Female,171.70970971568218,74.64815926874721,25.317999968077544,1,0
49,Female,145.83548234787511,69.55847903635764,32.70571683854339,2,0
76,Male,164.66896075135486,104.17499543742451,38.418464303561656,1,0
72,Female,186.24382058600213,78.20042985648813,22.5447485622085,2,0
26,Female,173.25133648631768,68.31064256105822,22.758057140663233,1,0
58,Female,171.7941681283127,47.35460861119668,16.045210455959833,3,1
52,Male,188.2078037671536,71.81720352774845,20.274643966429103,4,0
36,Male,167.2940010833663,82.34843317520235,29.423518448768696,4,0
65,Male,182.61820412934108,68.79172162271165,20.62756875137724,3,0
33,Male,171.2930697516634,62.415154600938386,21.272104885645614,3,0
20,Male,173.80047463459027,61.41120004230522,20.33038803150578,4,0
37,Male,157.82695144136989,78.02712153182979,31.324435273557576,3,0
41,Male,165.17953205171784,81.39081908963736,29.830666459243183,2,0
71,Male,156.02481767156127,90.41815172981678,37.14225418026208,1,0
73,Female,169.04754921774654,55.07500160184463,19.272442588511147,4,0
50,Female,173.90402343916267,77.88966337626425,25.75494145615396,3,0
41,Male,158.8996189490855,68.174440683732,27.000752758998562,2,0
69,Male,190.49178922684825,68.6164869305008,18.909321984516435,4,0
28,Female,172.78106019091962,76.02738781051002,25.467000684493946,3,0
66,Male,170.5779558558522,76.1148438043742,26.159145239692226,4,0
25,Male,177.69657751345628,77.9315215868736,24.68056111916356,3,0
53,Male,161.71071919134081,54.13793211706285,20.702559714684316,4,0
55,Female,171.63477479167454,58.75282889250312,19.944273141598032,2,0
57,Female,162.8313377964241,92.28802413276527,34.80722222295475,2,0
37,Female,185.58679910088986,66.6914129877874,19.36313869183329,1,0
79,Female,159.4136065060292,74.59021597026845,29.35155336460237,4,0
52,Female,170.63165459307174,85.8199946806478,29.476049629920826,1,0
65,Male,173.29315785151775,76.95164608541228,25.624481287728425,4,0
79,Female,173.948257444077,78.1978394645806,25.84369393544987,3,0
42,Male,164.1876482691717,83.41866518865633,30.94441462962344,3,0
52,Male,161.04490597854902,38.25004358654501,14.748163717916036,1,1
42,Female,164.332048269539,62.650747672591976,23.199665405702273,4,0
46,Female,175.28325434210282,77.02908694749388,25.071129168100338,1,0
35,Male,168.56154229088037,90.81466460586486,31.96237118756129,2,0
63,Male,177.96208808452522,70.99143339483659,22.41563052229534,1,0
35,Male,174.77003719395077,57.32925307365856,18.76905150981507,1,0
19,Female,147.2308730190039,57.72870925584247,26.63140460199006,3,0
71,Female,172.47497796837212,83.25791805179611,27.988095712837524,1,0
52,Female,192.50454767816268,66.73339626412171,18.007824136554177,4,1
33,Female,183.2526905103833,69.89199931314495,20.8126195098218,3,0
78,Female,174.2201316070697,79.22545290658479,26.10165563620572,1,0
58,Male,159.40607869530055,26.477144759596314,10.41984821969908,2,1
53,Female,174.7755371612565,100.00551267262121,32.73879190163843,1,0
50,Male,177.39749939878257,59.03389247423407,18.758859580606828,1,0
21,Male,167.46253319172413,73.62904554210357,26.25511094532635,1,0
50,Male,173.16742058804437,44.429544797555934,14.816290609714198,3,1
31,Female,185.09662458396042,63.66188334392444,18.581573362792472,4,0
38,Female,161.42725580258275,88.67032069547646,34.027069739378426,2,0
65,Female,159.41700395040874,41.25749230501182,16.23429904581789,1,1
37,Male,176.92699325994212,86.89300130783711,27.758538974155012,4,0
73,Male,174.57542636198082,65.89455855651424,21.621376040341797,4,0
25,Male,180.2883829541281,77.30746660330288,23.78405796159597,3,0
24,Male,175.6979381190377,79.86286620227666,25.870901516119343,2,0
20,Male,164.32244936825805,76.62132249236389,28.37630503576003,3,0
34,Male,174.32192651465405,57.025740225537604,18.765791971908687,4,0
50,Female,158.57873456703825,64.53176280197465,25.661594198802277,4,0
65,Female,167.4968128826701,48.076657341237755,17.13646227026522,4,1
29,Female,175.02799230966403,77.3769449738212,25.25786027430982,3,0
76,Female,166.3948578327611,95.53082731023888,34.50354648807945,2,0
68,Male,194.68052182229823,42.63338669985306,11.248764640681355,1,1
39,Male,151.0781575117633,58.57531140792947,25.66322589365989,3,0
72,Female,164.5250964300119,67.273370861756,24.853003521293978,4,0
39,Male,160.62220166130092,72.60012135570332,28.14013636164247,3,0
63,Female,162.99651192542046,83.18764452151639,31.311379780559765,4,0
47,Female,163.57001776519118,67.717000294635,25.30989304613032,1,0
55,Female,156.7357931314101,65.26061910331525,26.565305684222988,1,0
55,Male,177.5270214857263,86.54696059104613,27.46141348941349,2,0
62,Female,164.52904702612895,79.92993350594958,29.52733744088954,4,0
68,Female,171.63573335588654,78.08466963551648,26.506376180758963,2,0
71,Female,165.65174238089756,71.68773567382172,26.12479230223317,2,0
25,Male,163.09119587713792,84.74728316379787,31.861392301303486,1,0
44,Male,186.72279236086845,60.155359131546,17.253597286557728,3,1
44,Female,179.22932182209408,58.10958576720883,18.089628858795034,3,1
51,Male,151.31799600044857,81.19151480303988,35.459244819717604,2,0
38,Male,150.25862551664113,45.62446046129639,20.207794559049574,1,0
47,Male,180.42608835636486,71.3826926445473,21.927759467776884,4,0
50,Male,164.80146608451247,65.25162471606232,24.02532039272002,3,0
45,Male,153.50917666065774,48.91367904020567,20.7568594555633,2,0
64,Male,180.4573513254034,56.03098630425603,17.205967964658818,3,1
50,Male,171.69124050099092,68.36535861556975,23.192086346419558,3,0
22,Male,172.51571084832318,85.50944884748534,28.73140097349268,4,0
77,Male,178.0953927200591,60.20563013113284,18.981552792850767,1,0
78,Male,156.9002284171761,88.20072099857491,35.82819948463413,4,0
65,Female,153.68499178615838,70.94768841334775,30.038298835115718,1,0
36,Female,185.809542949032,89.65577053254957,25.9682221207827,3,0
21,Male,155.6283323925771,60.93262586829928,25.157794572168655,2,0
52,Female,157.77762202924436,69.26785617841945,27.825369110980816,4,0
66,Female,159.77564620454234,75.52725405005494,29.585746373045374,1,0
34,Male,190.79945923690516,67.30734305887732,18.48877631638289,3,1
61,Male,174.93383300411526,84.29536220717854,27.545842300279716,1,0
45,Male,179.65407974435382,36.88654412064601,11.428620200248313,1,1
47,Female,171.96167545578732,106.3360830818491,35.95980459827878,1,0
46,Female,163.9811278879877,82.86661910492742,30.817108105221013,3,0
63,Male,176.3129128326017,67.39702256447475,21.680658567370628,2,0
70,Male,154.433840292032,61.715174896339825,25.876588634425964,2,0
23,Male,159.04716547903504,57.00369082827169,22.534665132738713,2,0
52,Female,177.32975179261481,79.68423211254606,25.340149891320706,1,0
77,Female,156.4274476917322,84.9247250318853,34.706293150537356,3,0
58,Female,168.10918530838126,67.56210807805151,23.90673706490297,1,0
54,Female,168.56487655644585,86.60485619467754,30.479516340426823,2,0
41,Male,164.7133799666284,56.39109929858317,20.78513275157538,2,0
46,Male,150.48881525151145,53.74283725019746,23.730787157842013,3,0
66,Male,163.7107110881131,97.20011807868325,36.26708103775168,1,0
63,Male,161.75031623067514,78.86662920307816,30.144147240511785,4,0
70,Female,171.614398632877,90.95272302719992,30.88220206523695,4,0
48,Female,171.1049053869947,57.19090437418461,19.53448847068081,2,0
52,Male,173.7796145993687,56.14711912346907,18.592158721757627,3,0
77,Male,163.240137270256,64.62086020813686,24.25039585535069,1,0
50,Female,175.22777950465888,57.63911737691482,18.772037222566702,1,0
69,Male,154.43993267226318,80.58047815342677,33.78396611771903,2,0
78,Female,151.78095267347646,58.733109146103324,25.494614110632877,2,0
38,Male,146.64427275833373,52.42495212899064,24.378547723769465,1,0
49,Male,165.00702760428004,72.13023118382849,26.49185943101439,1,0
40,Male,162.46701775661444,50.65020736262179,19.18893229115729,2,0
50,Male,177.893156118546,43.008041027869155,13.590366874862152,1,1
20,Male,163.5133741295113,71.99885850791917,26.92892707868232,4,0
35,Male,172.73376347944267,43.76169935484685,14.666946483346756,2,1
42,Male,178.13296576583076,81.62919094443134,25.725089528137012,1,0
59,Female,163.13680924350882,49.069994106208064,18.4379264513062,2,1
48,Female,172.98052210107173,36.38989320370378,12.161478429603596,3,1
71,Female,180.01927548955192,65.5930502478881,20.24043342666555,2,0
75,Female,157.61837225194432,72.16891754944727,29.049356414944768,2,0
20,Female,170.24852338244645,77.37212595522911,26.69425608632412,3,0
57,Male,163.1796561680069,72.58023548523781,27.257520383070663,4,0
63,Male,158.25510117506857,54.11031068323386,21.6055134508926,1,0
41,Female,154.6354825950977,80.69591771389906,33.746851222952884,3,0
67,Male,158.093514278213,84.40207759719621,33.76953107393573,2,0
49,Female,170.60029005752008,51.91356807316692,17.836980969398038,1,1
64,Female,153.89155544438253,67.2849079201058,28.411102299044185,3,0
39,Male,164.49272975911362,65.8833995933647,24.349081602727104,1,0
40,Male,178.13194406852898,73.3057237418205,23.102249536620203,1,0
19,Male,174.49010963418937,66.92614312338837,21.981340150030647,3,0
44,Female,164.69492377061843,68.98183341890535,25.431636407098125,1,0
59,Male,186.89690413358727,79.62723295362538,22.795934958866354,4,0
19,Female,188.93036413911662,53.292203505983,14.930011918534467,3,1
43,Female,170.26122431539727,81.06059702891234,27.962647894876383,4,0
34,Female,145.3145708411569,87.11699097296876,41.25575498620857,2,0
57,Male,178.8644819701626,94.51202490233301,29.541928984696003,1,0
50,Male,147.0602365996641,37.84949013793961,17.501267903081054,2,1
26,Female,184.76146110720063,67.25647514327173,19.702045900072605,2,0
60,Male,180.83584900742298,40.52349138469616,12.39189705495672,1,1
71,Male,187.7421250413802,33.474044653407645,9.496962704955061,3,1
65,Male,172.60265558367726,72.16139571411217,24.221998783606363,1,0
56,Female,166.38614232818162,64.01272310724457,23.122351401409176,2,0
46,Female,165.49898866309775,74.4977642765612,27.19897582765206,2,0
59,Male,164.53739828969103,77.29191535130974,28.54991488860344,3,0
72,Female,179.81068653674703,88.7184393716188,27.43992343141005,1,0
43,Male,177.12271489505878,70.80880637958671,22.570373859833477,2,0
52,Male,171.2022563343421,113.85033425978632,38.843230485778214,4,0
67,Male,162.77818692073023,74.59614782477819,28.152955068853785,2,0
42,Male,196.29212631300274,97.63718566850815,25.340168223786698,2,0
41,Female,179.12374613962868,35.007432992136266,10.910733284278995,3,1
30,Female,154.02288080226592,90.24609294325936,38.04152555087166,4,0
77,Female,164.83743984062872,67.2885926530666,24.764509111087516,2,0
75,Male,179.3177609740871,40.77479110859093,12.680755527616274,2,1
24,Male,162.00461078767316,76.3081766384218,29.074772561452473,4,0
74,Male,173.5154795882589,65.45566693023524,21.740563793611546,1,0
53,Female,179.50796300336148,78.70079872672213,24.42371381982306,1,0
62,Male,136.11571917343608,85.16614686326619,45.9674523812796,2,0
37,Female,168.9196230021075,47.66274824857607,16.703938152108247,2,1
18,Female,169.31209153565118,85.22378473682737,29.72931261203125,1,0
25,Female,165.8792754431621,70.09719226331075,25.475127323832,3,0
63,Female,173.0169513494604,90.29261762039907,30.16302771040013,4,0
33,Female,176.57519607495877,66.92277656503198,21.464192607286307,4,0
31,Female,171.4205094432461,62.943866612028685,21.420413737154863,3,0
29,Male,166.2617260595057,70.40581061033426,25.469706086724127,3,0
68,Male,176.32621299784267,71.52791059569779,23.00603513509645,3,0
40,Female,170.49053409274356,60.05822797762397,20.661981654989734,3,0
32,Female,167.69299586804522,62.55542903567074,22.245140850721803,3,0
45,Male,156.8772061466108,51.59686698229316,20.965423473249253,3,0
51,Female,154.37345214733918,63.480323653147074,26.637526829047022,4,0
19,Female,156.68770207285928,80.14465089996368,32.644101439304514,3,0
49,Male,172.7832906122021,67.93968739140784,22.75726478786315,1,0
40,Female,169.20921252393651,85.13597944070993,29.73480727982853,3,0
39,Female,155.19715901792537,67.2185579852039,27.907546532947034,3,0
68,Female,176.45917825793808,48.527230034150286,15.584647989040134,4,1
42,Male,183.74309513179094,78.95912331334873,23.387309457499732,4,0
75,Male,164.01506383283663,59.895652884498965,22.265262958329014,3,0
79,Male,152.59018142631624,66.49949066854697,28.56045619976824,4,0
78,Female,162.90873615098087,88.56358071226175,33.37078464572818,2,0
39,Female,178.5446062679469,52.586943104177294,16.496220611608422,4,1
75,Male,175.48529858534775,72.47115681196576,23.533347934968557,4,0
75,Female,160.77567313988519,69.39222474946313,26.84541600179457,4,0
39,Female,185.21172137764745,80.51388573155656,23.4711219879036,4,0
66,Female,183.482800659264,82.82730048223034,24.602700849531,1,0
69,Female,162.6699393672336,73.95758506373339,27.949118312998305,1,0
59,Female,162.56709997035034,64.59438030129401,24.441588005569827,1,0
23,Male,164.0717206262051,77.1005875603894,28.64113488087337,3,0
32,Female,164.92667224611455,90.03483845716845,33.100061235315664,3,0
71,Male,179.50538007928444,69.59065090540449,21.597125866290565,2,0
60,Female,174.25329060476594,65.9911582836546,21.733204925840436,1,0
77,Male,178.77078769350587,75.82255386501986,23.724949728246173,3,0
54,Female,176.73565143186698,70.58090530554419,22.596381297362576,4,0
50,Male,187.1452706819373,49.934358641233025,14.257446905268704,4,1
25,Female,159.40614456190858,73.58996200596222,28.9606605197662,1,0
70,Male,173.80358530383916,49.79856386854354,16.485394952978567,2,1
77,Female,148.26178743765303,75.6172096961267,34.400296386299466,2,0
61,Male,156.83044425903142,58.042859133901494,23.59869850570698,4,0
61,Female,169.25146614065153,70.5531220627952,24.629259675174694,2,0
22,Male,174.18206612754537,75.85890859298854,25.003437178893343,1,0
56,Male,168.9818425797043,106.80855018915355,37.40467945309109,4,0
21,Female,164.32807581187322,81.14124942680388,30.04817852635413,3,0
23,Female,166.1058212250696,90.47198214613502,32.79022524577439,3,0
62,Male,183.69440976424102,98.07621728040888,29.065100382546376,2,0
49,Female,166.1596782211986,77.33883875499167,28.012144750490688,4,0
69,Male,187.4924162204353,74.28534700400799,21.13176364981231,4,0
47,Male,177.9401707354113,53.999183367606754,17.054507647655953,3,1
64,Male,174.57537346148231,68.25055101399407,22.39443976994677,4,0
52,Female,158.06403089679003,59.15368405546207,23.676401249067702,4,0
72,Male,179.35238161399627,63.98411724813421,19.891058128615608,4,0
57,Male,165.06229422251502,98.05995064288705,35.99116595046939,2,0
69,Female,158.055602419943,71.71932263799984,28.708889279279557,4,0
33,Female,175.12843613079377,56.861506334258365,18.53979900393846,1,0
30,Female,156.1205393943346,90.61800182036957,37.1787167163019,2,0
67,Female,162.37758537870414,84.32913214356174,31.98346210681479,4,0
77,Male,169.89884088531088,85.11480238900593,29.4865704557901,4,0
59,Male,192.18421424114732,39.90804695346408,10.805006927779608,1,1
47,Male,163.1308424420751,99.23006436582227,37.28817387955612,2,0
36,Male,165.41783480699425,61.62227886859169,22.520243973414846,3,0
34,Female,177.32345054421646,81.66932159189133,25.973268237311746,3,0
73,Male,157.61704311623953,107.85699685925549,43.415216584028975,2,0
36,Male,174.42806381020915,102.32999122285926,33.6333569730728,4,0
45,Female,182.05926807616592,55.33656811790969,16.695008194788404,4,1
75,Male,166.92905115288897,48.332239944965906,17.34495083955335,3,1
72,Male,180.26154281396862,91.45519898271893,28.14506341061769,3,0
43,Male,172.91449923211806,72.13083717391,24.124490513960275,3,0
54,Male,162.6931803619622,62.4867783804688,23.607469461573505,1,0
43,Male,168.02195314103494,79.3182782040857,28.095788222474237,3,0
70,Male,166.2024266001976,67.55680633810839,24.45650480456082,1,0
79,Female,169.12361742183526,80.51986205573115,28.151043873614803,2,0
40,Female,171.52717899219832,71.00472711728099,24.13355900320233,4,0
26,Male,175.88199934971854,80.8358189249225,26.131302335621253,3,0
29,Male,175.08668249587134,56.58200966295417,18.457468706402224,4,1
70,Female,145.68286428737855,91.36693019698951,43.049894381337204,4,0
18,Male,169.02691811227973,80.46435056098656,28.16383325445435,3,0
75,Male,154.90578086593237,79.69446054105359,33.21183598807397,3,0
75,Male,167.24272747532675,53.23495109482009,19.03278651108717,2,0
18,Female,168.76210412189081,95.49448624966371,33.52960472025492,1,0
64,Male,179.76148358084708,69.79425850950598,21.598640224184752,1,0
51,Female,169.698845328999,80.92073293644762,28.099722637067426,4,0
49,Male,172.5921801834326,65.15763304380087,21.873741223532143,3,0
79,Female,177.93056380657433,73.91333597023146,23.346495259647423,2,0
71,Female,182.277522598193,74.45691028179107,22.409841035456047,2,0
65,Male,168.76986076643092,27.701036019948692,9.725372123466329,2,1
42,Female,170.94179441680407,78.73672186982246,26.945162824815544,2,0
57,Male,170.10023302242251,99.48012192583128,34.38163233091716,2,0
62,Female,164.57401035568927,78.09670388487936,28.83435228896968,1,0
70,Male,162.3088477655761,55.63437626665393,21.11829411527001,1,0
18,Male,147.28114083574062,79.74942349230831,36.76489018952815,1,0
33,Female,159.23339065475668,85.8922079526001,33.8754818261519,3,0
78,Male,152.21369166790197,77.68699774285582,33.530567201514586,4,0
56,Male,182.5519848445325,68.88809340354935,20.671455006362656,2,0
22,Female,171.88416008297432,66.36776161264103,22.463915552893443,3,0
39,Male,168.7406102705317,66.30535366949789,23.28677596600891,2,0
46,Male,162.8251481391892,80.46665351516819,30.35099800177707,1,0
72,Female,170.29779263234624,48.89314007410557,16.85892553588955,3,1
20,Female,161.52020122344666,64.42190258716889,24.69334094505341,1,0
29,Male,171.74018556620604,93.93414734516422,31.84781500769248,2,0
43,Male,172.45733982921354,94.51292899865764,31.77809483697454,2,0
33,Female,161.38616297643256,47.82779368297507,18.363174227769527,4,1
68,Female,161.19538035177598,53.02879583104587,20.408288389999296,2,0
54,Male,179.62199354595117,65.94069130708095,20.43781537459405,1,0
39,Female,169.47140045708701,83.38884275671528,29.034550722771726,2,0
74,Male,162.1897957073511,42.587884689205154,16.189708005066738,4,1
46,Male,166.29493698310483,69.17787047623783,25.01549696293485,4,0
31,Male,159.8940591329339,62.88731265130532,24.5979197821493,1,0
45,Male,169.32816419338084,89.88947011427851,31.35092943426384,3,0
22,Male,178.31628307664468,44.846372890461176,14.10409803196166,2,1
64,Female,169.72329332405738,71.38810923240433,24.782378119108444,4,0
66,Female,193.63633443675386,64.09585843977109,17.09449450118156,2,1
47,Female,174.21359568049004,92.04698389415931,30.32811886884007,2,0
63,Female,172.29954447842212,78.96478969529875,26.598994797586762,3,0
79,Male,160.91697869034198,61.212765111133976,23.639498461419784,4,0
69,Male,167.61466553157337,82.80079664993623,29.47205952882269,2,0
22,Male,162.20986156966308,64.1675672003714,24.38715096763117,4,0
29,Male,148.34354771595878,84.98994566859629,38.62159712258729,1,0
33,Female,179.74262222128812,66.44384513671633,20.566131620266315,1,0
43,Male,164.88549444449768,85.81999868153144,31.56629433372008,2,0
43,Male,162.3959992566669,76.54122932690875,29.02316570366236,4,0
65,Female,172.10570033958462,118.90736621037136,40.143778697840354,2,0
38,Female,175.12499552221516,69.20655991875994,22.56581314816317,4,0
56,Female,166.79225167093722,75.74293437432173,27.226410170166673,4,0
53,Female,169.9739833239098,62.80862887426104,21.73974313558951,3,0
50,Male,177.46187407314403,70.04028011132168,22.240151800278426,3,0
79,Male,166.39806405390053,29.472472987758387,10.644371902161813,3,1
47,Female,173.02333741763337,76.98376024811549,25.715190779143647,2,0
54,Male,153.4075538161085,90.14311319424118,38.30355322210772,3,0
40,Male,157.5868100157225,75.94945006899032,30.583339443022126,3,0
75,Male,176.05539778080401,50.29207813033935,16.225604723352312,1,1
27,Female,157.06441360832702,57.97319270936498,23.50020355615665,4,0
71,Male,172.34137547113298,33.54711809265594,11.294736615533187,4,1
22,Female,168.5300121780293,84.68386010298136,29.81577769628985,3,0
53,Male,166.35532737479772,54.902300609356296,19.838878458910262,4,0
51,Male,161.71537231032272,69.56937114681658,26.60207219684416,1,0
69,Male,179.09340018105374,67.6939364150917,21.105255080493183,1,0
48,Female,187.2989115451984,92.315905534874,26.31516072909698,3,0
27,Male,173.00192162600192,71.27921976948608,23.815575630497236,1,0
75,Female,173.22490715672816,82.13339380159016,27.371531258772407,4,0
36,Female,163.17669370142505,78.19695646221494,29.36794726672576,2,0
75,Female,158.03902768175618,90.391171299421,36.190727718534795,4,0
49,Male,169.60261095193826,66.41314458245562,23.088141562391442,2,0
18,Male,160.26250352041924,98.04422995756777,38.17316719093389,3,0
73,Male,152.2738987168418,40.21506765401027,17.34354490612903,2,1
22,Male,178.03445812365587,82.86210247001856,26.142541998836695,1,0
62,Female,178.5216678825183,57.000705870038026,17.885387851294173,4,1
21,Female,161.41161227046905,62.60875670830072,24.030650579460946,2,0
33,Female,172.43964321279245,78.54121400351553,26.413343458360018,4,0
41,Male,180.01952267791768,78.42103074771616,24.198772386173328,3,0
33,Female,172.05026687061883,79.09642020535107,26.72059516144813,3,0
72,Male,158.0684535390127,49.20763083842143,19.69436792808486,1,0
19,Female,167.67106586762898,91.7354534691886,32.630292128169806,3,0
66,Male,183.2680942004199,56.49029322658486,16.818997334163054,2,1
45,Male,172.47026643605113,58.490693646622006,19.6633859326858,3,0
49,Female,175.39132103182808,79.56845107250244,25.86572795679768,1,0
44,Female,173.41629219369113,65.69918237858138,21.8464146356975,4,0
37,Female,161.44488642021747,74.62391260843738,28.630532675645984,4,0
41,Female,163.79154780717354,37.65098955050818,14.03438612459245,3,1
29,Male,173.3886515705174,74.26486674278847,24.70256597270489,2,0
67,Female,178.1687178002041,73.26747819268324,23.08066590367567,1,0
52,Female,180.99904950917886,62.35212193353575,19.032623180578707,2,0
77,Female,161.4189445523181,38.88886060352816,14.925064353668116,1,1
50,Male,174.3312053467719,66.80787607777593,21.982516066059144,3,0
50,Male,181.87044111718976,69.43939210302081,20.993346303645673,1,0
78,Female,160.12918229711974,64.49156514504257,25.151387314294297,1,0
68,Male,184.86747135799772,42.45738303351253,12.423164044087587,3,1
60,Female,186.38940827344192,93.92101010975374,27.034621621504094,2,0
54,Male,196.25086339621657,60.417077080834396,15.686879429549995,3,1
29,Male,172.30933440829997,66.66693005615649,22.453954954479624,1,0
20,Male,172.36424676262448,33.85788518172564,11.39634153946923,3,1
18,Male,178.26994389117317,93.92283023047312,29.553907884926037,1,0
50,Female,177.9780267304942,63.00175102398915,19.889315884705454,3,0
57,Female,181.26366860995608,71.47694225611303,21.754265993061768,4,0
27,Female,177.84033180465104,86.81106167224978,27.44824285500608,4,0
60,Male,168.93938090961962,59.855436929250615,20.972094631499946,3,0
61,Female,182.21997120973504,84.44867481079817,25.433193270065445,2,0
46,Female,159.28745850307277,39.08011816088288,15.402552657521404,1,1
30,Female,170.05852336725374,78.26479986356969,27.06260953751429,4,0
29,Male,185.637356160498,93.5836324977948,27.156209433877002,2,0
48,Male,157.4975350187968,61.293747291729545,24.709767060205685,1,0
63,Male,163.22524343002837,86.78322430447598,32.573252941251035,4,0
19,Female,176.7174729107729,97.50883978290676,31.223745910615722,4,0
78,Female,173.93911973236152,66.17737242918972,21.87333395958945,3,0
68,Female,161.24974592343756,64.93707571225208,24.97437619426089,1,0
67,Male,165.8380599726986,56.52559381251544,20.55307070160415,2,0
52,Male,158.1921793734966,62.354047672223,24.916935739452338,2,0
40,Female,179.80484999520573,57.769601645910704,17.868848582392737,2,1
34,Male,167.4411864232947,56.5133335235916,20.15702063471021,1,0
43,Male,187.92155910760638,87.98252945067034,24.91398677980679,2,0
25,Male,170.81100244040022,58.15110962067611,19.930873069088832,2,0
46,Male,167.80259696597122,73.87782872079434,26.23715659331217,2,0
43,Female,166.83178238708203,70.57350152824355,25.356195186467442,3,0
27,Male,167.5580016480757,92.47141843856684,32.936479379899176,3,0
43,Male,171.10821095133804,62.452656519174795,21.33090175788595,1,0
79,Male,195.1240757657832,75.71722069981483,19.88716817218597,1,0
51,Male,166.6114032990064,81.86604553414162,29.49133063282449,2,0
68,Female,166.93646539228692,92.34624410980871,33.137276304663274,3,0
58,Female,170.65593845683182,62.233699824321,21.368931652944898,4,0
24,Male,180.9027450634426,60.73161296901429,18.557715039343744,4,0
21,Male,155.7901543892722,54.07328419059921,22.27936108579945,2,0
75,Male,174.55092736909646,103.5444943127236,33.984641301901576,2,0
70,Male,161.82574823978837,90.76708657270581,34.660366307676576,3,0
67,Male,175.53272688950952,69.36697908531936,22.513166447862424,3,0
62,Male,165.06240057639545,98.97158726690584,36.32571919572458,3,0
28,Female,146.95897660242713,68.47204908451515,31.70451301682949,1,0
46,Male,173.69577602687485,80.86615707150294,26.80330142669548,1,0
73,Female,173.6114477034687,70.15257852584082,23.274851643641487,2,0
53,Female,164.2091969152057,75.96708177625706,28.17283095202327,1,0
42,Male,163.61656139856996,74.37642163800321,27.783103549882608,3,0
38,Female,156.8862727491235,63.625219399350264,25.84993184072529,3,0
78,Female,177.73099941538868,86.38747807128028,27.34792811705187,1,0
74,Female,178.8221578246681,80.73928626525851,25.248887287698224,4,0
53,Female,161.2094911482411,85.41541890252219,32.86662130684689,2,0
27,Female,164.6006554046115,74.80340778249021,27.60948227572148,4,0
54,Female,169.36710878861038,56.40145177334297,19.662201165408074,2,0
26,Male,192.70865281035546,95.64079099836552,25.753765006475763,4,0
41,Female,175.4512174758893,66.06165649648861,21.460344386923676,1,0
52,Female,160.5658448499162,75.46100542852622,29.269563770731594,2,0
66,Female,173.03780309490506,79.53072038233405,26.561520418612343,2,0
52,Male,156.2330845936192,75.36132574326426,30.87468356267965,2,0
65,Female,177.17990309916172,83.73125531845412,26.672190395389627,3,0
53,Male,186.75547393544483,86.10066883474747,24.686518408221637,3,0
35,Female,186.79791685083958,66.62749745429129,19.09455070726612,4,0
66,Male,177.34893503474342,94.3820101293347,30.00765463624668,1,0
56,Male,164.16587644131872,65.99644668758103,24.488082184049322,3,0
49,Female,156.99098243485875,75.05123573321183,30.45148195454879,2,0
41,Female,155.9979495663089,64.18482724593653,26.37512925090431,3,0
40,Male,141.93782890501456,59.89789716023815,29.73139316264017,1,0
79,Female,176.9385576300792,85.66286633186296,27.36198728445117,3,0
49,Male,168.971644797756,116.82845346139068,40.918618680858756,2,0
54,Male,179.09216166453126,64.57360167519525,20.132692181954955,4,0
29,Male,184.28031485234786,88.22982362017116,25.98109912361319,2,0
66,Male,170.9990554390241,65.11133030949709,22.26738129088266,1,0
72,Male,171.45961609713154,69.84272534715993,23.75732198377381,4,0
30,Female,165.35679655502534,96.36375658347508,35.242736404456714,3,0
40,Male,166.5391558282759,53.89697072387041,19.43263254140734,3,0
42,Male,177.28469912472934,49.927613970653155,15.885405392428966,3,1
52,Female,168.25624969634688,68.69202026855277,24.26408284981873,4,0
58,Male,166.80992333247175,79.95484041906509,28.734324719044718,2,0
47,Female,169.8168314055715,76.95499857521322,26.68550145340961,4,0
34,Female,178.86330196061593,75.41018763539495,23.571517005883827,4,0
66,Female,163.07338442169896,70.51197972267367,26.515311833548907,1,0
79,Male,169.3347148244797,81.79810040475878,28.526679103731734,4,0
37,Male,172.45277837778428,26.29491336932541,8.841609971341395,3,1
65,Male,181.60221903585239,58.73792042368389,17.810506271454667,2,1
42,Female,167.6070322320058,68.59581386074828,24.41817156088773,2,0
39,Male,162.82176613948278,80.56802198653764,30.390495352934185,2,0
30,Female,165.15639055727644,92.3464771010285,33.855526062722696,3,0
76,Male,180.5305743301538,56.723504377492894,17.404498990986642,3,1
36,Female,190.33305298603463,91.85617938304851,25.355953693202235,3,0
66,Male,156.86242186313967,63.21157496197956,25.68968501026803,3,0
53,Male,159.04698384930143,68.05135325528971,26.902081912019874,3,0
29,Male,168.31203213297854,78.7214877819642,27.788363184543464,4,0
78,Female,171.10956096068045,66.95145881039839,22.867121030548375,3,0
58,Female,177.86969565554998,86.65176409999478,27.388830277473048,3,0
36,Male,161.08866991398511,63.93093782330284,24.63661768107223,3,0
29,Male,159.36890963350538,64.15697513079499,25.260193733505133,3,0
26,Female,171.3808715313363,85.77969931313999,29.205175844919754,2,0
24,Female,167.4159927979283,58.553134175985136,20.890857240532124,3,0
45,Female,179.26720997771525,73.7339364297499,22.943818654187798,4,0
31,Male,174.87359803190384,45.09275998459264,14.745460034614377,4,1
48,Female,175.55379347633217,97.29459028091783,31.56954021022369,4,0
69,Male,168.95518653623134,88.09827904355161,30.862021426969854,1,0
36,Female,193.55580258568202,111.25160799371132,29.69572316001603,2,0
75,Male,161.6225201840624,90.0754559716958,34.48281564939361,3,0
64,Female,176.10809833754777,53.05524655599278,17.106835616267368,1,1
33,Female,157.30310012926893,80.02974790240889,32.34274564182125,3,0
70,Female,159.26532322260547,56.22986856667293,22.167903065989556,1,0
22,Female,163.92654401234546,93.67056260579649,34.858168332793475,1,0
52,Female,186.29323336618026,53.482895680336405,15.410642717685993,4,1
29,Male,172.6389443045402,52.76267673640304,17.703098128615586,4,1
42,Female,164.09521931455626,45.8528281945497,17.028416758823298,1,1
69,Female,173.74436325954574,62.674302681054975,20.761946283443255,4,0
76,Female,170.3514788142451,59.65783262824643,20.55775354968596,1,0
38,Male,165.08026630860883,51.07526341241102,18.74218815459706,2,0
53,Female,156.03371144211772,99.84713656365288,41.010846818507815,4,0
70,Male,184.3854248451229,77.94821044579967,22.927303099230965,4,0
40,Female,172.09818128710046,76.18351809785068,25.72222084267457,4,0
33,Female,191.7373837346824,93.83746628871891,25.524819441379247,2,0
74,Male,179.40321620540882,73.84386688064401,22.943199513736282,1,0
56,Female,175.51319724761044,58.76979697742291,19.07807866262475,3,0
62,Male,165.64795671383033,44.49685386223515,16.21650047167437,4,1
70,Male,159.04654436143085,57.92413911484894,22.898715051266894,1,0
59,Female,167.82269015511554,92.58123400762692,32.87165788221503,2,0
75,Male,158.75707405794168,51.1699582647076,20.302470611102766,3,0
56,Female,176.50190380730754,75.29690856996815,24.17009500903598,4,0
31,Female,186.3265249769713,85.50887714628338,24.62985385095371,2,0
48,Male,167.3908773388287,74.28017260664878,26.50997590543443,2,0
75,Male,179.44490972391196,75.98474993185873,23.59739986912597,3,0
22,Male,163.10770929783143,79.83405869310141,30.00815068944397,1,0
52,Male,166.97533161792646,75.68921307733973,27.147469925883566,4,0
40,Female,161.85036015434557,94.13611258709923,35.93593256168396,4,0
46,Female,148.66866964929488,54.395624076585854,24.610761591711768,1,0
60,Male,169.6346665008139,73.60637315258178,25.5791554017768,1,0
28,Female,171.28451737597754,42.72639349004278,14.563307486061332,1,1
35,Female,180.65860998761642,38.89380719220194,11.916895422220351,3,1
64,Female,177.95438252669288,68.77493453722025,21.717648999499836,3,0
29,Female,178.08952899038997,78.15069353417134,24.640871609487547,4,0
26,Male,160.25963776882122,94.46001665856346,36.778981997858665,3,0
27,Male,174.5949730607069,106.29687599515694,34.87040812106325,2,0
75,Female,185.82593965481598,89.7979100599822,26.004802154367614,4,0
61,Male,173.79867850709078,80.90748616597044,26.78525392083169,3,0
34,Male,188.28593613065,72.39947283660723,20.42206433882678,1,0
78,Male,190.1896611111986,47.03157905224935,13.002167333115823,2,1
55,Female,167.31531729708354,67.80945091387302,24.222492214817446,1,0
24,Female,163.03060254919427,89.35565126887339,33.61891995813033,4,0
63,Female,162.38537834581052,83.47422784042061,31.656184421265515,1,0
30,Male,154.8386417989678,50.70498779975577,21.1491041658302,3,0
57,Female,164.81597100584474,79.2103847088772,29.15973250710533,3,0
59,Female,182.0766544975625,77.9258921780158,23.505703476355933,4,0
26,Male,147.9596242474876,75.24835180172106,34.372455024170364,1,0
67,Female,159.62546599286253,69.58216666933998,27.308232490977222,4,0
44,Female,168.72868558348003,79.9837595041629,28.094672049990038,1,0
75,Male,161.228147993783,80.45969558368597,30.95256572394844,2,0
19,Male,164.7271405575978,60.37811851852892,22.250985776583896,3,0
22,Male,164.876703255777,76.82521092073144,28.260846825208247,4,0
46,Female,167.42459779938252,67.1590728887918,23.958860759958387,2,0
54,Female,162.70545303890262,47.691491983806365,18.015100622904388,2,1
55,Female,161.88786786144453,61.575894474427535,23.49536103063747,4,0
36,Male,179.34309745921232,46.544654719818624,14.47106453993217,4,1
25,Male,180.49654177860344,84.70140302605157,25.998771871989927,2,0
65,Female,156.1945665475259,75.33834066331478,30.880491645936388,1,0
62,Female,142.40402600727117,64.66764083191082,31.889116131296802,2,0
18,Male,180.6337484957093,91.30782014932971,27.984025365322285,4,0
39,Male,157.71199581447863,71.0198636137175,28.55291014207475,2,0
69,Male,172.1274483845974,48.531658660496895,16.38041395436964,1,1
34,Male,154.34328126971783,63.40782189724283,26.6175070204293,3,0
24,Female,182.9775498525967,94.49281280909936,28.222999053578423,3,0
42,Male,195.4366789530153,59.957865623662855,15.697627395557502,2,1
62,Female,171.82806909205337,74.12831933136745,25.107064263958392,1,0
21,Female,169.05897351540483,81.15814936771956,28.395902735257252,3,0
53,Female,166.77860424809938,78.84922726832414,28.3476310464205,2,0
23,Male,177.81799311312912,106.7418969843715,33.758528496610424,2,0
77,Male,175.6768675093459,52.35545114615097,16.96417517328442,1,1
48,Male,180.03498453552865,53.85305379200796,16.614853793994946,4,1
36,Male,163.72083477401918,52.60368329346801,19.624936206814468,2,0
78,Female,173.40117706404644,65.56122368474672,21.804341162318586,4,0
61,Male,164.57531933293802,86.49066082273676,31.933005986637173,4,0
71,Male,159.42284351929942,54.52398130305233,21.452922212629375,3,0
56,Female,169.58984578996538,86.70040758915907,30.145427605817165,4,0
44,Male,160.77487269622918,70.52690004891605,27.284653726709305,1,0
27,Female,181.73726997742588,53.36504960183615,16.157304794786274,3,1
43,Female,161.38079621984178,43.72945065148215,16.7907584465535,3,1
36,Female,173.6354594068736,47.08644259286011,15.617770605055805,3,1
56,Female,163.96577701240278,60.012198876491134,22.322000676764322,2,0
79,Female,172.77062750437508,67.46273236385021,22.60081527748356,2,0
20,Female,164.76003426544642,90.19094465095677,33.2245561977045,4,0
62,Female,157.4278872514246,81.98632318282358,33.08095785618288,3,0
30,Female,174.83772740951846,57.41588121879546,18.78286033572077,3,0
67,Male,167.64584378086778,76.12997925058251,27.087575161543153,1,0
45,Male,172.85984940722457,94.77319403788358,31.717376448675157,4,0
79,Male,165.7115706436956,98.10876131545052,35.72745864554001,1,0
75,Male,156.72063486231548,65.28390982669605,26.579927479455062,4,0
37,Female,180.83178597056255,84.37432644557502,25.80243993395653,4,0
45,Male,177.36757755441087,90.84933050331736,28.878408941574822,2,0
25,Female,164.33039024446757,47.3939211523242,17.550393912537256,2,1
78,Male,170.697792134988,62.31389369260455,21.385976309159812,1,0
58,Male,180.42019483162937,103.30028101634895,31.734466968119392,4,0
56,Male,165.42961664137604,65.48445834818644,23.928292724226594,3,0
18,Female,166.98115494809446,26.065729529483537,9.348349987518699,2,1
20,Male,172.43632500007374,68.18557284419917,22.93163267229795,3,0
30,Female,165.4090893644541,86.86938248673793,31.750311677864648,1,0
45,Female,178.57091996987026,70.09765655201346,21.982750315697047,2,0
79,Male,168.3109921969256,80.73045920200951,28.49787403228891,2,0
74,Male,162.15964125006025,84.07332996483599,31.972213137727035,4,0
77,Male,176.0863882987399,64.67593822851578,20.858888666123303,1,0
66,Female,158.57869350568654,62.20910520378436,24.7379828259813,4,0
42,Male,190.14878561124215,72.30161463931408,19.996817534817158,2,0
73,Female,185.824963635802,72.66668384394822,21.043948416413237,1,0
50,Female,175.13495476921014,70.81115229770457,23.08638811906405,2,0
55,Male,174.29331021819905,71.42734784023695,23.51273170388835,1,0
70,Male,173.82441417819302,58.77180798068893,19.451249394033283,2,0
23,Female,165.10905214081092,81.25430365121422,29.80606226375636,3,0
75,Female,172.97309645680843,78.98847920669449,26.40016446304064,3,0
61,Female,160.76867389542153,49.95987450046813,19.329404734935256,4,0
62,Male,175.0381841844018,64.16256524371049,20.941901864433056,3,0
49,Female,178.67846943031296,71.39619808809171,22.363029596628717,2,0
62,Male,166.2191389901666,61.98530496585738,22.435031599277156,2,0
78,Female,164.04898205845282,79.56057966381691,29.56316034243257,3,0
64,Female,157.8752297535209,68.99676192314293,27.682207406317445,4,0
38,Male,184.5795523356569,72.53608794182779,21.290553520802266,3,0
33,Female,164.84335966157792,63.989360387753905,23.54858708685081,1,0
71,Male,168.01260963983376,40.101717648840776,14.206242370609353,1,1
38,Male,173.00155584995724,39.24477517656325,13.112389088142972,1,1
28,Female,172.82207642889938,78.84414320038042,26.39799853594642,3,0
77,Male,177.46560095681068,74.00368114734091,23.49767837605767,3,0
54,Male,166.20670080161668,76.57993309526627,27.721576520853567,3,0
53,Female,158.61332061529086,72.0170926309437,28.625710188003005,1,0
52,Male,156.86334691027685,73.2185110506027,29.756232183496444,4,0
36,Male,164.20744767157152,84.53535060428183,31.35109085815132,2,0
37,Male,160.48149525325374,76.66929058602119,29.769498634289715,3,0
74,Female,166.9638329469224,85.6136402545917,30.71129651698857,4,0
35,Male,183.07578810759983,72.57192761839896,21.65243951034254,2,0
64,Female,166.2272179411631,65.49427389220344,23.70276762838109,2,0
58,Female,166.22349138665444,72.91304293234369,26.388847490332804,2,0
66,Male,169.8360122374421,57.45733177769054,19.91984185444657,4,0
31,Male,165.94375008787938,64.30229606632136,23.350956786771103,4,0
32,Male,169.3260876428181,72.66356962960056,25.343639428733653,1,0
48,Female,175.40869222481345,72.46477497851518,23.55183372976736,4,0
18,Male,178.84751054763314,68.40371679995518,21.385228817566983,4,0
70,Male,180.03213199739025,49.17722934738689,15.172739717674641,4,1
71,Male,190.56852220731017,79.5461431963107,21.90366533662917,2,0
71,Male,175.6935944617244,82.51342609899324,26.730849705564736,3,0
20,Male,192.34478901349308,94.65535742878359,25.584936881174073,1,0
33,Female,162.23518191940354,76.62663994883097,29.113183791444502,3,0
40,Female,190.91284902424584,70.02192751287224,19.21160921624212,3,0
74,Male,166.1962394578041,54.80455735584775,19.841490296462027,4,0
28,Male,167.17981069236964,92.38026804041584,33.053051460646195,1,0
29,Male,168.80127452577128,73.71749465311034,25.87135195211028,3,0
27,Male,167.81379288841268,72.90059760738184,25.886645824826203,3,0
49,Female,170.85840396726505,66.18915702731722,22.67326999433526,1,0
33,Male,164.19971997511558,65.23045650347707,24.193883973920197,4,0
25,Female,178.29962173071368,80.3240010107627,25.26646527726719,3,0
55,Female,164.47164965378818,54.67839066012112,20.213132679035944,2,0
29,Male,176.55610398252892,94.3814778873817,30.277589734684824,3,0
41,Female,185.2772361952376,91.11289686307558,26.542127287179827,2,0
45,Female,166.42897630192257,64.68907679699366,23.35463420462905,4,0
70,Female,177.94383417979176,57.04203151190436,18.014785522740414,3,1
25,Female,175.59159288903186,39.77191017466879,12.899385227475893,1,1
75,Male,192.5288688221975,51.2287919127366,13.820456743208972,1,1
45,Male,164.95169435155051,80.94867239324311,29.75063012891468,3,0
53,Female,177.95071616805785,74.73012788350982,23.59914371714919,4,0
43,Male,153.73988908223447,77.40480347959131,32.748754348288735,4,0
25,Male,165.04141589263187,42.31630547013758,15.535379328747812,1,1
75,Male,173.53392837596908,64.06276569846004,21.27339908654262,3,0
77,Male,183.93159969089783,90.50909209423125,26.753432621101894,4,0
67,Male,157.74066635015797,68.5595889202097,27.55375945670967,1,0
45,Female,177.86090640741108,50.91557898064022,16.094951940595866,2,1
45,Male,169.3677654351704,68.32596503735647,23.81904029095581,3,0
54,Male,154.78472346607688,58.434738724521246,24.390174939744234,2,0
58,Male,171.81586845948792,75.00518589918096,25.40766464291545,2,0
53,Male,187.0916123297821,70.30818068331573,20.08617419541104,4,0
44,Female,158.79577340088386,78.14944996123434,30.991889009154963,4,0
71,Female,168.90062284629818,51.73114559852331,18.133832248775786,4,1
34,Female,160.13361015360434,63.26925147002353,24.673326563102563,3,0
26,Female,165.31417068089985,86.35651512098663,31.59911669395422,2,0
50,Male,184.32170143524638,49.68579918346778,14.624443145200967,3,1
70,Female,167.2847552450862,54.95331975940032,19.637274139630136,4,0
37,Male,184.01565737515327,72.98945964988096,21.555127375445558,2,0
30,Male,181.09054047931588,74.30094758625688,22.65702180743793,3,0
45,Male,166.3726208651555,62.66725235885846,22.640026836404424,3,0
65,Male,164.9740053939377,65.82350676041725,24.185216432288943,1,0
46,Male,161.040011931855,77.99838342333463,30.075857161755003,3,0
30,Female,160.69118805806596,82.74452502639802,32.04462133466272,4,0
63,Female,173.5320739450784,53.96167502065362,17.919500829320754,3,1
52,Female,169.80214684785034,75.46479280941925,26.17327271458853,2,0
78,Female,163.76394565070794,92.68024000008585,34.558156163324625,3,0
23,Male,154.51237077876718,68.261619079583,28.592364557845183,1,0
35,Female,171.06178767822212,53.802412693172215,18.38635913568809,2,1
68,Male,165.3044782093867,53.10862136759175,19.4355032171585,2,0
22,Female,168.0470230441791,67.58893838032205,23.933927897367035,1,0
64,Male,173.04661828698082,85.53770957301428,28.56481290039609,4,0
42,Male,144.98197138612136,69.38866225230068,33.01113930405639,2,0
19,Female,154.66725396290875,72.8384796985889,30.44837520756633,4,0
27,Male,192.9644307680519,55.05487476739295,14.785678333466134,2,1
73,Male,164.9338949330038,84.74676449464822,31.15324542312472,2,0
47,Female,144.82566897602467,52.81512143251968,25.18066505005675,4,0
67,Male,155.50059820483747,62.43255273592551,25.819448676327816,2,0
76,Female,194.8446736864143,79.44872293069442,20.927138281607565,4,0
62,Female,162.9700253973016,39.40852752520102,14.83797864052803,1,1
22,Female,181.5901524489716,72.60941724528561,22.019546217265454,4,0
72,Male,171.21117998337206,54.41389650412329,18.562889754656265,1,0
73,Male,165.15032962501033,70.2482409836367,25.75589015930154,2,0
50,Male,177.7544547076309,64.71916588432096,20.482922630260738,4,0
71,Female,146.15643324643713,101.58752238022731,47.55590997523552,2,0
18,Male,155.58867380143397,64.1031821620014,26.480344509247423,4,0
35,Female,165.0764898786044,97.63977059325012,35.83078302504322,1,0
49,Female,156.5709560173039,78.80428436775063,32.14603570597436,1,0
64,Male,164.19222211496032,57.97811543905408,21.50596495096955,4,0
66,Female,178.53713045682827,74.96216387889635,23.517167583356922,1,0
